Business Name,Physical Address,Physical City,Physical State
Bob's Foodmart,289 Park St,Stoughton,MA
Pizza Farm,549 Lincoln St,Waltham,MA
Tropical Dimension,1262 Cambridge St,Cambridge,MA
Finale Management,15 Columbus Ave,Boston,MA
Alexanders Convenient Food Stores,277 Main St,Medford,MA
Todd English Enterprises,89 Commercial Wharf Fl 1,Boston,MA
Golden Goose Markets,179 Commercial St,Boston,MA
Cazadores Mexican Restaurant,130 Middlesex Rd Ste 1,Tyngsboro,MA
Chuck E Cheese,90 Pleasant Valley St Ste 260,Methuen,MA
Chuck E Cheese,29 Mystic View Rd,Everett,MA
Ferns Country Store,8 Lowell St,Carlisle,MA
Ruggieros Market,3345 Washington St,Jamaica Plain,MA
Adam's Pizza & Convenience Store,149 Hanover St,Boston,MA
Terris Market,12 Louise Rd,Dedham,MA
Joes Market Place,260 Centre St,Quincy,MA
Nancy's Air Field Cafe,302 Boxboro Rd Ste 5,Stow,MA
McDonald's,40 Enon St Ste 5,Beverly,MA
Sonsie Restaurant,327 Newbury St,Boston,MA
Tbonz,22 Main St,Plymouth,MA
Applebee's Neighborhood Grill & Bar,214 Broadway,Saugus,MA
Wendy's,806 Main St,Waltham,MA
McDonald's,346 Great Rd,Bedford,MA
Vel's Restaurants,2352 Cranberry Hwy,West Wareham,MA
Chili's Grill & Bar,107 Taunton St,Plainville,MA
Applebee's Neighborhood Grill & Bar,50 Independence Way,Danvers,MA
Posto,187 Elm St,Somerville,MA
McDonald's,14 E Clark St,Middleboro,MA
McDonald's,290 Worcester St,Natick,MA
Blue Coyote Grille,137 Main St,Maynard,MA
Panera Bread,296 Mishawum Rd,Woburn,MA
Burger King,4594 Washington St,Roslindale,MA
Area Four,500 Technology Sq Fl 4,Cambridge,MA
Lobster Hut,25 Town Wharf,Plymouth,MA
Sweet Cheeks BBQ,1381 Boylston St,Boston,MA
Milky Way Lounge & Lanes,284 Amory St Ste 10,Jamaica Plain,MA
Gateway Tavern,371 Marion Rd,Wareham,MA
Tosca,14 North St,Hingham,MA
Cape Cod Cafe Inc,979 Main St,Brockton,MA
Shea's Riverside Restaurant & Bar,122 Main St,Essex,MA
Row 34,383 Congress St,Boston,MA
Ocean Chef,91 Carver Rd Ste M,Plymouth,MA
Tony C's Seaport,250 Northern Ave Ste 100,Boston,MA
Eddie V's Prime Seafood,50 South Ave,Burlington,MA
Tirrell Room,254 Quarry St,Quincy,MA
Burger King,150 Everett Ave,Chelsea,MA
Burger King,100 Washington St,Dorchester,MA
McDonald's,Mass Pike I-90 Srvc Area 8e Milepost 117,Natick,MA
Starbucks,755 Boylston St,Boston,MA
Honey Dew Donuts,1485 Pleasant St,Bridgewater,MA
Chuck E Cheese,199 Plain St,Lowell,MA
Margaritas Mexican Restaurant,211 Moody St,Waltham,MA
Au Bon Pain,431 Boylston St,Boston,MA
Ninety Nine Restaurant & Pub,13 Commonwealth Ave,Concord,MA
McDonald's,143 Samoset St,Plymouth,MA
McDonald's,110 Pleasant Valley St,Methuen,MA
McDonald's,567 Lynnway,Lynn,MA
Panera Bread,200 Hancock St,Quincy,MA
42 Degrees North,690 State Rd,Plymouth,MA
Monicas Mercato,130 Salem St Ste 1,Boston,MA
Domino's,1260 Boylston St Ste 2,Boston,MA
McDonald's,210 Andover St Ste F111,Peabody,MA
Neillios Gourmet Farm,53 Bedford St,Lexington,MA
McDonald's,422 Washington St,Stoughton,MA
McDonald's,870 Massachusetts Ave,Boston,MA
McDonald's,718 American Legion Hwy,Roslindale,MA
McDonald's,31 Providence Hwy,Norwood,MA
McDonald's,55 Great Rd,Acton,MA
Beverly Depot Restaurant,10 Park St,Beverly,MA
Alden Park Bar and Grill,160 Colony Place Rd,Plymouth,MA
McDonald's,178 Border St,East Boston,MA
McDonald's,301 Warren St,Roxbury,MA
McDonald's,5 Long Pond Rd Ste A,Plymouth,MA
McDonald's,1223 Commonwealth Ave,Allston,MA
McDonald's,343 Cochituate Rd,Framingham,MA
McDonald's,9 Taunton St,Plainville,MA
China Blossom,946 Osgood St,North Andover,MA
Hooters,850 Providence Hwy,Dedham,MA
McDonald's,161 S Main St,Middleton,MA
Breakers Ice Cream,104 Winn St,Woburn,MA
McDonald's,15 Crawford St,Needham Heights,MA
McDonald's,10 Post Office Sq,Boston,MA
McDonald's,43 Thorndike St,Cambridge,MA
Cosi,290 Main St Ste 6,Cambridge,MA
Taza Chocolate,561 Windsor St Ste B206,Somerville,MA
South End Buttery,314 Shawmut Ave,Boston,MA
Helens Restaurant,17 Main St,Concord,MA
Concord Teacakes,59 Commonwealth Ave,Concord,MA
Craigie On Main Restaurant & Bar,853 Main St,Cambridge,MA
Calitri's Italian Cuisine,126 Newbury St,Danvers,MA
Tempo,474 Moody St,Waltham,MA
McDonald's,273 Boston Rd,Billerica,MA
Sunset Cantina,916 Commonwealth Ave,Boston,MA
Magnolia Smokehouse,6 Harvard Sq,Brookline,MA
West On Centre,1732 Centre St,West Roxbury,MA
Noon Hill Grill,530 Main St,Medfield,MA
Friendly Toast,1 Kendall Sq Ste B3101,Cambridge,MA
Venezia Waterfront Restaurant & Banquet Facility,20 Ericsson St,Dorchester,MA
British Beer Co,15 Columbia Rd Ste 10b,Pembroke,MA
Village Smokehouse,98 Middle St,Lowell,MA
Garrisons Bar & Grill,303 Boston Rd,North Billerica,MA
McDonald's,114 Broadway,Malden,MA
McDonald's,1750 Soldiers Field Rd,Brighton,MA
McDonald's,340 Longwood Ave # 350,Boston,MA
Melting Pot,213 Burlington Rd Ste 100,Bedford,MA
Saphire Event Group,1601 Main St,Walpole,MA
Devens Grill,4 Ryans Way,Devens,MA
Jerry Remy's Sports Bar & Grill,1 Harborside Dr,East Boston,MA
Bambara Kitchen & Barcambridge,25 Edwin H Land Blvd,Cambridge,MA
Ninety Nine Restaurant & Pub,428 Lincoln St,Hingham,MA
Fairways at Woburn Country Club,5 Country Club Rd,Woburn,MA
IHOP,115 Parkingway,Quincy,MA
IHOP,105 Squire Rd,Revere,MA
Dubes Seafood,317 Jefferson Ave,Salem,MA
UNO Pizzeria & Grill,300 Mishawum Rd,Woburn,MA
Ninety Nine Restaurant & Pub,20 Cummings St,Somerville,MA
Boston Sail Loft Restaurant,80 Atlantic Ave,Boston,MA
Chili's Grill & Bar,257 Hartford Ave,Bellingham,MA
PF Chang's,100 Cambridge St Ste 2200,Boston,MA
Wendy's,191 Newport Ave,Quincy,MA
McDonald's,1650 Vfw Pkwy,West Roxbury,MA
Wendy's,520 Southern Artery,Quincy,MA
McDonald's,77 High St,Danvers,MA
Mamma Mias of Carver,73 Main St,Carver,MA
Johnny Rockets,75 Middlesex Tpke Ste 1079,Burlington,MA
Wendy's,355 Washington St,Stoughton,MA
IHOP,95 Main St,Tewksbury,MA
McDonald's,908 N Montello St,Brockton,MA
Restaurant 45,45 Milford St Unit 1,Medway,MA
Minado Restaurant,1282 Worcester St,Natick,MA
Mamma Maria Restaurant,3 North Sq,Boston,MA
Bamboo Fine Asian Cuisine,1 Lan Dr,Westford,MA
LongHorn Steakhouse,191 Boston Post Rd W,Marlborough,MA
Grumpys Restaurant,190 Pulaski Blvd,Bellingham,MA
Grill at Hobbs Brook,550 Winter St,Waltham,MA
Panera Bread,100 Independence Way Ste A1,Danvers,MA
Club Cafe,209 Columbus Ave,Boston,MA
McDonald's,808 Main St,Millis,MA
Golden Temple,1651 Beacon St,Brookline,MA
Pearl St Station Restaurant,53 Summer St,Malden,MA
Dali Restaurant,415 Washington St,Somerville,MA
Roggie's Pizzeria,356 Chestnut Hill Ave,Brighton,MA
Burger King,52 Middlesex Tpke,Burlington,MA
North 26th,26 North St,Boston,MA
Burger King,41 Boston Providence Tpke,Norwood,MA
Panera Bread,2150 Washington St Ste 125,Newton Lower Falls,MA
Briar Group,150 Canal St # 3,Boston,MA
Tracwel Inc,30 Commercial Dr,Wrentham,MA
Froio Foods,960 Turnpike St,Canton,MA
Anthonys Pier Four Corporation Office,299 Salem St,Swampscott,MA
Classic Restaurant Concepts,649 Massachusetts Ave Ste 7,Cambridge,MA
Meck Inc,64 Green St,Canton,MA
Stellar Restaurant Group Inc,1080 Boylston St,Boston,MA
169 LLC,169 Marlborough St,Boston,MA
Dufficy Enterprises,2 Mill St,Franklin,MA
A & L International,310 Congress St,Boston,MA
Donut Management,527 Lowell St,Peabody,MA
Atlantic Hospitality Group LLC,4 Ocean Front N,Salisbury,MA
ZMD America Inc,101 Billerica Ave,North Billerica,MA
Triangle Restaurant LLC,304 Stuart St,Boston,MA
Jenk LLC,180 Main St,Medford,MA
Ndp Inc,636 Boston Post Rd E,Marlborough,MA
Starbucks,283 Longwood Ave Ste 2,Boston,MA
Red House,98 Winthrop St,Cambridge,MA
Waterfords Restaurant and Pub,2 Bridge St,Dedham,MA
Chuck E Cheese,139 Endicott St Ste 4,Danvers,MA
Chuck E Cheese,801 Worcester St,Natick,MA
McDonald's,1260 Bridge St,Dracut,MA
McDonald's,572 Main St,Wakefield,MA
Ninety Nine Restaurant & Pub,672 Boston Rd,Billerica,MA
Siros Marina Bay,307 Victory Rd,Quincy,MA
Wendy's,373 Centre Ave,Abington,MA
Marty's Liquors,675 Washington St,Newton,MA
Braintree Municipal Golf Course,101 Jefferson St,Braintree,MA
Brewer's Fork,7 Moulton St,Charlestown,MA
Hopsters,292 Centre St,Newton,MA
Red Barn Coffee Roasters,1 Faneuil Hall Sq Ste 6,Boston,MA
Punjab Mini Mart Inc,1576 Tremont St,Roxbury Crossing,MA
Stellar Restaurant Group,76 Boylston St,Boston,MA
Cold Stone Creamery,61 Station Lndg,Medford,MA
Bailey's Surf N Turf,3056 Cranberry Hwy,East Wareham,MA
Atlantic Sea Pride Inc,400 Dorchester Ave,South Boston,MA
Tahiti Restaurant,22 Mah Way,Dedham,MA
Fish Bones,34 Central Sq,Chelmsford,MA
Slesar Bros Brewing Co,203 Cabot St,Lowell,MA
Yangtze River Restaurant,25 Depot Sq,Lexington,MA
Konditor Meister,32 Wood Rd,Braintree,MA
Agave Mexican Bistro,50 State St,Newburyport,MA
Myers & Chang,1145 Washington St Ste 1,Boston,MA
IHOP,114 Broadway Ste 3,Saugus,MA
Isaac's Restaurant,114 Water St,Plymouth,MA
Mamas Italian Restaurant,1140 Lakeview Ave,Dracut,MA
A R T U Catering,6 Prince St,Boston,MA
Mount Auburn Club,57 Coolidge Ave,Watertown,MA
Bull Run Restaurant,215 Great Rd,Shirley,MA
Menton,354 Congress St Ste 101,Boston,MA
Regina Pizzeria,353 Cambridge St,Allston,MA
Howling Wolf Taqueria,76 Lafayette St Ste 4b,Salem,MA
Howl at the Moon,184 High St Lbby 2,Boston,MA
Strega Waterfront,1 Marina Park Dr,Boston,MA
East Coast Seafood Inc,448 Boston St,Topsfield,MA
Lewis Restaurant & Grill,92 Central St,Norwood,MA
Coach Grill,55 Boston Post Rd,Wayland,MA
Bertucci's Brick Oven Pizza & Pasta,27 Enon St,Beverly,MA
Mamma Mia's,122 Water St,Plymouth,MA
Clydes Roadhouse Bar & Grille,642 Providence Hwy,Walpole,MA
Blue Marlin Grille,65 Eastern Ave,Essex,MA
Clam Box of Ipswich,246 High St,Ipswich,MA
Woodmans of Essex,121 Main St,Essex,MA
Greatest Bar,262 Friend St,Boston,MA
Au Bon Pain,700 Atlantic Ave,Boston,MA
Rons Gourmet Ice Cream,559 High St,Dedham,MA
Lucca Restaurant,226 Hanover St,Boston,MA
Les Vietnamese,35 Dunster St,Cambridge,MA
Winfreys Fudge & Chocolates,40 Newburyport Tpke,Rowley,MA
Supinos Restaurant,250 Newbury St,Danvers,MA
Lucioso's Pub,6 Spring Ln,Plymouth,MA
Boston Chowda,30 River St,Haverhill,MA
Catalyst Restaurant,300 Technology Sq Ste 3,Cambridge,MA
John Brewers Tavern,39 Main St,Waltham,MA
Strawberry Fair Restaurant,14 Pond St,Norwell,MA
Roadhouse Pub,55 Pulaski St,Peabody,MA
Lynwood Cafe,320 Center St,Randolph,MA
Painted Burro,219 Elm St,Somerville,MA
Wu Loon Ming Restaurant,8 Chelmsford Rd,North Billerica,MA
American Food Systems,30 B St,Burlington,MA
Sullivan Farms Homemade Ice Cream,176 Middlesex Rd,Tyngsboro,MA
Ichigo Ichie Hibachi,837 W Central St,Franklin,MA
Committee,50 Northern Ave,Boston,MA
Taco Bell,1720 Middlesex St,Lowell,MA
Jitter's Cafe,12 Main St,Melrose,MA
State Street Provisions,255 State St,Boston,MA
Brassica Kitchen + Cafe,3710 Washington St,Jamaica Plain,MA
Brothers Restaurant,404 Harvard St,Brookline,MA
Boston Burger Co,1105 Massachusetts Ave Ste 4,Cambridge,MA
Loco South Boston,412 W Broadway,South Boston,MA
Four's Restaurant & Sports Bar,166 Canal St,Boston,MA
Seasons 52,220 Boylston St Ste 19,Chestnut Hill,MA
Gather,75 Northern Ave,Boston,MA
Poynt,31 Water St,Newburyport,MA
Splitsville,220 Patriot Pl,Foxboro,MA
Mission On The Bay,141 Humphrey St,Swampscott,MA
Puritan & Company,1166 Cambridge St,Cambridge,MA
British Beer Company,2294 State Rd,Plymouth,MA
McDonald's,1600 Providence Hwy,Norwood,MA
Steel & Rye,95 Eliot St Ste 2,Milton,MA
Lone Star Taco Bar,479 Cambridge St,Allston,MA
Durum,437 Eastern Ave,Lynn,MA
Papa Gino's,782 River St,Haverhill,MA
Papa Gino's,81 Carver Rd,Plymouth,MA
McDonald's,738 Broadway,Saugus,MA
Polio Campero,115 Park St,Chelsea,MA
McDonald's,12 Pearl St,Braintree,MA
Franks Steak House,2310 Massachusetts Ave,Cambridge,MA
Deuxave,371 Commonwealth Ave,Boston,MA
Polio Campero,188 Border St,East Boston,MA
Burger King,187 Broadway,Lawrence,MA
Panera Bread,25 Mystic View Rd,Everett,MA
Bistro & Wine Bar at Mirbeau,35 Landmark Dr,Plymouth,MA
J & M Convenience Store & Deli,701 Salem St,North Andover,MA
Newton St Market & Deli,344 Newton St,Waltham,MA
Deli Mart Convenient Store,258 Salem Rd Ste 2,Billerica,MA
Fernandes Cousin,1150 Blue Hill Ave,Dorchester Center,MA
Acton Convenience & Deli,465 Great Rd,Acton,MA
Main Street Market & Deli,484 Main St,Hingham,MA
Highland Convenient Mart,37 Crest Ave,Winthrop,MA
C Mart 2 Supermarket,109 Lincoln St,Boston,MA
Easy Convenience & Deli,26 Elm St,Waltham,MA
Derby Deli Cafe,26 Congress St,Salem,MA
Simons Convenience Deli,590 Rogers St,Lowell,MA
Lees Store,982 Dorchester Ave,Dorchester,MA
Kipos Market & Deli,42 Bradford St,Everett,MA
Taj Mahal Desi Bazaar,274 Broadway,Somerville,MA
El Patio Market,371 Centre St,Jamaica Plain,MA
Lowell Street Market,672 Lowell St,Peabody,MA
White Hen Pantry,319 Merrimack St Ste 2,Methuen,MA
Diversidad Ecuatoriana,252 Belmont St,Brockton,MA
Boston Food Shops and Deli,390 Washington St,Braintree,MA
Las Orquideas Market,109 Shurtleff St,Chelsea,MA
Public House,1648 Beacon St,Brookline,MA
Cityside Bar & Grille,1960 Beacon St,Brighton,MA
McDonald's,660 Chickering Rd,North Andover,MA
McDonald's,173 Washington St,Hudson,MA
McDonald's,147 Pelham St,Methuen,MA
Burger King,188 Turnpike St,North Andover,MA
Tamboo Bistro,252 Main St,Brockton,MA
Joshua Tree Bar & Grill,256 Elm St,Somerville,MA
Olivadi Restaurant,32 Guild St,Norwood,MA
McDonald's,473 Southern Artery,Quincy,MA
Coolidge Corner Clubhouse,307 Harvard St,Brookline,MA
Pollo Tipico,190 Lawrence St,Lawrence,MA
Ristorante Molise,1 Market Sq,Amesbury,MA
Five Guys,221 N Main St,Natick,MA
McDonald's,197 California St,Newton,MA
Barrett's Alehouse Bridgewater,425 Bedford St,Bridgewater,MA
McDonald's,50 Maplewood Ave Ste 11,Gloucester,MA
Wendy's,707 W Center St,West Bridgewater,MA
McDonald's,230 Elliott St,Beverly,MA
Red Hat Cafe,9 Bowdoin St Ste 1,Boston,MA
McDonald's,595 Main St,Walpole,MA
Burger King,185 Somerville Ave,Somerville,MA
Charlie's Place,3073 Cranberry Hwy,East Wareham,MA
Black Rose,160 State St Lbby,Boston,MA
Crossroads Cafe,405 Nagog Park,Acton,MA
Barking Crab,88 Sleeper St,Boston,MA
Highland Fried,1271 Cambridge St,Cambridge,MA
Nathaniel's Restaurant,18 Washington Sq,Salem,MA
Tatte Bakery & Cafe,70 Charles St Ste 1,Boston,MA
McDonald's,1915 Andover St,Tewksbury,MA
II Capriccio,888 Main St,Waltham,MA
McDonald's,1 Traders Way,Salem,MA
Wendy's,115 Powder Mill Rd,Maynard,MA
McDonald's,275 Hancock St,Quincy,MA
Burlington Famous Pizza,167 Bedford St Ste 1,Burlington,MA
McDonald's,2 South Sta Ste 11,Boston,MA
KFC,485 Boston Rd,Billerica,MA
McDonald's,222 Broad St,Bridgewater,MA
Wendy's,660 Oak St,Brockton,MA
Ristorante Villa Francesca,150 Richmond St,Boston,MA
Panera Bread,321 Arsenal St Ste 3,Watertown,MA
Burger King,259 Cochituate Rd,Framingham,MA
Burlington House of Pizza,114 Cambridge St,Burlington,MA
Papa Gino's,233 Broad St Ste 18,Bridgewater,MA
Burger King,606 Belmont St,Brockton,MA
McDonald's,43 Main St,North Reading,MA
Marlborough Country Club Pro Shop,200 Concord Rd,Marlborough,MA
Wings Over Farmingham,624 Waverley St,Framingham,MA
Dogma Restaurant Group LLC,90 Broadway Ste 1,Cambridge,MA
Starbucks,1000 Providence Highway,Norwood,MA
Masa Restaurant,439 Tremont St,Boston,MA
Taco Bell,124 Providence Hwy,East Walpole,MA
Toro,1704 Washington St,Boston,MA
Wendy's,99 Winthrop Ave,Lawrence,MA
McDonald's,1180 Main St,Haverhill,MA
Grendels Restaurant & Bar,89 Winthrop St,Cambridge,MA
Lyndells Bakery,720 Broadway,Somerville,MA
Lamberts Rainbow Fruit,777 William T Morrissey Blvd,Dorchester,MA
Burger King,108 Boston St,Lynn,MA
Bertinis Inc,284 Canal St,Salem,MA
5 Corners Kitchen,2 School St,Marblehead,MA
McDonald's,111 Needham St,Newton Upper Falls,MA
McDonald's,128 Broadway,Everett,MA
Smokey Bones,431 Middlesex Rd,Tyngsboro,MA
Panera Bread,433 Paradise Rd,Swampscott,MA
Rattle Snake Bar & Grill,800 Boylston St Spc 9,Boston,MA
Wendy's,45 Commerce Way,Plymouth,MA
Brickhouse Cafe,107 Bridge St,Dedham,MA
McDonald's,127 Broadway,Saugus,MA
Lir Irish Pub & Restaurant,903 Boylston St,Boston,MA
Maddies Sail Loft,15 State St,Marblehead,MA
Burger King,881 Moody St,Waltham,MA
Rosewood Restaurant,445 Hartford Ave,Bellingham,MA
Outback Steakhouse,300 Andover St,Peabody,MA
Maui Restaurant,1875 Main St,Brockton,MA
La Paloma Mexican Food,195 Newport Ave Ste 4,Quincy,MA
Newcomb Farms Family Restaurant,1139 Randolph Ave,Milton,MA
Sakura-Bana Japanese Restaurant,57 Broad St,Boston,MA
Wendy's,14 Condlin Dr,Randolph,MA
Casa Mia,261 Washington St,Marblehead,MA
Honey Dew Donuts,405 W Central St,Franklin,MA
Five Seventy Market,570 Tremont St,Boston,MA
The Back Nine Club,17 Heritage Hill Dr,Lakeville,MA
McDonald's,360 Western Ave,Brighton,MA
Olive Garden Italian Kitchen,153 Andover St,Danvers,MA
Wendy's,1724 Revere Beach Pkwy,Everett,MA
Lisa's Family Pizzeria,903a Main St,Woburn,MA
McDonald's,1223 Worcester Rd,Framingham,MA
Burger King,Route 24 Southbound,Bridgewater,MA
Honey Dew Donuts,103 E Main St,Georgetown,MA
Wendy's,5 Arlington St,Dracut,MA
White's Cafe & Pastry Shop,1041 Pearl St,Brockton,MA
Ninety Nine Restaurant & Pub,10 Main St,Stoneham,MA
Good Life,28 Kingston St,Boston,MA
Moonstones,185 Chelmsford St,Chelmsford,MA
Burger King,6 Taunton St,Plainville,MA
Blue Angus Cafe,34 Broadway Rd Ste 1,Dracut,MA
Horseshoe Grille,226 Main St,North Reading,MA
Mt Auburn Grill,645 Mount Auburn St,Watertown,MA
Burren,247 Elm St,Somerville,MA
The Mission Bar & Grill,724 Huntington Ave,Boston,MA
Aquitaine,569 Tremont St,Boston,MA
Novatos,218 Dedham St,Norfolk,MA
Taco Bell,267 Highland Ave,Salem,MA
McDonald's,20 Main St,Townsend,MA
McDonald's,803 Rogers St,Lowell,MA
Panera Bread,1334 Park St,Stoughton,MA
Aegean Restaurant & Lounge,257 Cochituate Rd,Framingham,MA
Hill Tavern,228 Cambridge St,Boston,MA
Floramos Fifth Ave Restaurant & Lounge,213 Everett Ave,Chelsea,MA
Dockside Restaurant,1099 Main St,Wakefield,MA
B & G Oysters Ltd,550 Tremont St,Boston,MA
Jalapenos Grill,960 Main St,Walpole,MA
Red Lion Inn Restaurant,71 S Main St,Cohasset,MA
McDonald's,2121 Ocean St,Marshfield,MA
McDonald's,55 Middlesex Tpke,Burlington,MA
McDonald's,67 Main St,Medway,MA
Cafeteria Boston,279a Newbury St,Boston,MA
Cafe Tosca,15 North St,Hingham,MA
Capellinis,896 Main St,Tewksbury,MA
Chef Chows House,230 Harvard St,Brookline,MA
McDonald's,463 Massachusetts Ave,Cambridge,MA
Wendy's,176 Boston Post Rd W,Marlborough,MA
Venus III,252 Main St,Hanson,MA
Rennesance Bar,606 Congress St,Boston,MA
Donatellos Restaurant,1699 Shawsheen St Ste 1,Tewksbury,MA
Burger King,944 Bennington St,East Boston,MA
Jalapenos Mexican Restaurant,86 Main St,Gloucester,MA
Village Inn,544 Broadway Rd,Dracut,MA
Five Guys,980 Paradise Rd Ste 2,Swampscott,MA
Marylous Coffee Abington 2,1501 Bedford St Ste 1,Abington,MA
Rudys Cafe,248 Holland St,Somerville,MA
Oriental Garden,400 Lowell Ave Ste 13,Haverhill,MA
Burger King,62 Granite St,Quincy,MA
Winners Circle,211 Elm St,Salisbury,MA
Burger King,601 Donald Lynch Blvd Ste 5209,Marlborough,MA
McDonald's,250 Maple St,Marlborough,MA
Orta Restaurant,75 Washington St Ste D,Pembroke,MA
McDonald's,340 Chestnut St,Needham,MA
Wendy's,1665 Andover St,Tewksbury,MA
Au Bon Pain,238 Main St,Cambridge,MA
Wendy's,3025 Cranberry Hwy,East Wareham,MA
McDonald's,334 N Pearl St,Brockton,MA
McDonald's,195 N Main St,Andover,MA
Capones Restaurant Inc,147 Summit St Ste 20,Peabody,MA
Wendy's,90 Pleasant Valley St,Methuen,MA
Water Front Bar & Grill,170 Water St,Plymouth,MA
Wendy's,234 Littleton Rd Ste 1f,Westford,MA
McDonald's,212 Main St,Wilmington,MA
Panera Bread,647 Broadway,Saugus,MA
Bamboo-Bedford Fine Asian Cuisine & Sushi Bar,213 Burlington Rd,Bedford,MA
Companions Take Out,488 Broadway,Revere,MA
Gaetano's,271 Main St Ste G04,Stoneham,MA
Donohues Bar & Grill,87 Bigelow Ave,Watertown,MA
Johnnys Luncheonette,30 Langley Rd,Newton Center,MA
Nosh & Grog Provisions,21 North St,Medfield,MA
Burger King,1208 Dorchester Ave,Dorchester,MA
Stellina Restaurant,47 Main St,Watertown,MA
Midway Restaurant,269 Washington St,Dedham,MA
Marcello Sandwich Shop,733 Bedford St,Whitman,MA
Central Cafe,254 Centre St Ste 1,Middleboro,MA
Au Bon Pain,800 Boylston St Spc 15,Boston,MA
Venetian Inc,909 Broad St,East Weymouth,MA
China Moon Restaurant,170 Main St,Stoneham,MA
Burger King,197 Main St,Stoneham,MA
621 Tavern & Grille,621 Broadway,Malden,MA
Green Street,280 Green St,Cambridge,MA
Panificio,144 Charles St,Boston,MA
Burger King,765 Main St,Winchester,MA
Olympia Restaurant,453 Market St,Lowell,MA
Cobblestones,91 Dutton St,Lowell,MA
Burger King,74 Plaistow Rd,Haverhill,MA
Halfway Cafe,820 Boston Post Rd E,Marlborough,MA
Weathervane Tavern,85 Railroad Ave,South Hamilton,MA
Brandy Pete's,267 Franklin St,Boston,MA
Artistry on the Green,2027 Massachusetts Ave,Lexington,MA
Honeygrow,1282 Boylston St,Boston,MA
Starbucks,147-151 Massachusetts Ave,Boston,MA
McDonald's,1513 Dorchester Ave,Dorchester,MA
Shabu-Zen Restaurant,16 Tyler St,Boston,MA
McDonald's,1 Varnum Ave,Lowell,MA
Harvard Gardens,316 Cambridge St,Boston,MA
Burger King,460 W Grove St,Middleboro,MA
Popeyes Louisiana Kitchen,85 Parkhurst Rd,Chelmsford,MA
Honey Dew Donuts,435 Lynnway,Lynn,MA
Honey Dew Donuts,1067 Western Ave,Lynn,MA
Honey Dew Donuts,482 Market St,Rockland,MA
Auntie Anne's Pretzels,250 Granite St,Braintree,MA
Wendy's,312 Boston Rd,North Billerica,MA
Wendy's,188 Endicott St,Danvers,MA
Wendy's,486 Broadway,Methuen,MA
Ocean Kai Restaurant,300 Lincoln St,Hingham,MA
Wendy's,362 Bedford St,Whitman,MA
Wendy's,39 Squire Rd,Revere,MA
Burger King,61 Broadway,Malden,MA
KFC,20 Everett Ave,Everett,MA
McDonald's,186 Alewife Brook Pkwy,Cambridge,MA
KFC,875 N Montello St,Brockton,MA
Wendy's,303 W Central St,Natick,MA
Wendy's,1900 Main St,Brockton,MA
McDonald's,37 Storey Ave,Newburyport,MA
Burger King,1965 Main St,Tewksbury,MA
Danns Restaurant,340 Centre Ave,Abington,MA
Taco Bell,79 Winthrop Ave,Lawrence,MA
Wendy's,330 Middlesex Ave,Medford,MA
Garibaldi Club,36 Castle St,Plymouth,MA
Burger King,248 Haverhill St,Methuen,MA
Clover Food Lab,496 Massachusetts Ave,Cambridge,MA
Clover Food Lab,160 Littleton Rd,Westford,MA
Clover Food Lab,360 Longwood Ave,Boston,MA
Clover Food Lab,100 Mall Rd,Burlington,MA
Clover Food Lab,27 School St,Boston,MA
Clover Food Lab,1075 Cambridge St,Cambridge,MA
Clover Food Lab,160 Federal St,Boston,MA
Vejigantes Restaurant,57 W Dedham St,Boston,MA
New Bridge Variety & Deli,9 Bridge St,Danvers,MA
Gloria Food Store,268 Rantoul St,Beverly,MA
Panera Bread,400 Cochituate Rd Ste 4,Framingham,MA
Soma Inc,256 Cabot St,Beverly,MA
Winsor House Inn,390 Washington St,Duxbury,MA
Shadi's Restaurant & Lounge,585 Chickering Rd,North Andover,MA
Old Tyme Italian Cuisine,612 Boston St,Lynn,MA
Panera Bread,120 Highland Ave Ste 4,Needham Heights,MA
Wangs Table,46 Washington St,Haverhill,MA
Trident Booksellers & Cafe,338 Newbury St Bsmt B1,Boston,MA
Azorean Restaurant & Bar,133 Washington St,Gloucester,MA
Haley House Bakery Cafe,12 Dade St,Roxbury,MA
Treadwells Ice Cream,46 Margin St,Peabody,MA
Old Country Pizzeria,1515 Commercial St,East Weymouth,MA
Karma Restaurant,174 Littleton Rd Ste 7,Westford,MA
Angelas Coal Fired Pizza,880 Broadway Ste 7,Saugus,MA
Highland Kitchen,150 Highland Ave,Somerville,MA
Stone Hearth Pizza,57 Leonard St,Belmont,MA
Stone's Public House,179 Main St Ste 1,Ashland,MA
Oxford Creamery,98 County Rd,Mattapoisett,MA
Shalimar India Food & Spices,571 Massachusetts Ave,Cambridge,MA
J J Boomers Restaurant & Lounge,724 Pawtucket Blvd,Lowell,MA
White Mountain Creamery,19 Commonwealth Ave,Chestnut Hill,MA
Princeton Station,147 Princeton St,North Chelmsford,MA
Tavern From Tower Square,119 Washington St,Plainville,MA
Panera Bread,1401 Washington St,Hanover,MA
Milepost Tavern Restaurant,581 Tremont St,Duxbury,MA
Agawam Restaurant Inc,166 Newburyport Tpke,Rowley,MA
McDonald's,413 Main St,Reading,MA
Faucis Pizza,4 Lynnfield St,Lynn,MA
Twist N Shake,482 Shirley St,Winthrop,MA
Stoddard Fine Food & Ale,48 Temple Pl,Boston,MA
Brownstone,111 Dartmouth St,Boston,MA
Elias Country Store,381 Middlesex Ave,Wilmington,MA
Turk's Seafood,83 Marion Rd,Mattapoisett,MA
Atomic Coffee Roasters,45 Mason St Ste 1,Salem,MA
McDonald's,57 Washington St,Norwell,MA
Audria,436 Oak St,East Bridgewater,MA
Devlins Restaurant,332 Washington St,Brighton,MA
Orleans Bar & Restaurant,65 Holland St,Somerville,MA
Merengue Restaurant,156 Blue Hill Ave,Roxbury,MA
Fitzy's Pub,1 Man Mar Dr Unit 1,Plainville,MA
Checkerboards Pizza Restaurant,10 Technology Dr Ste 9,Hudson,MA
Cape Ann Brewing Company,11 Rogers St,Gloucester,MA
Grumpy Doyle's,530 Main St,Reading,MA
Venus II Brothers,277 Ocean St,Marshfield,MA
Ninety Nine Restaurant & Pub,464 Lowell St,Andover,MA
Christophers Restaurant,580 Main St Ste 102,Reading,MA
Sian Ginger,22 Bow St Ste 1,Somerville,MA
Battery Park Bar & Lounge,75 Broad St Ste 2,Boston,MA
Pembroke House of Pizza,44 Mattakeesett St,Pembroke,MA
Market Restaurant,33 River Rd,Gloucester,MA
McDonald's,1312 Hyde Park Ave,Hyde Park,MA
Gaslight,560 Harrison Ave Ste G4,Boston,MA
Fire Ice Restaurant,205 Berkeley St,Boston,MA
Big Daddys,436 Western Ave,Brighton,MA
Marylous Coffee-Holbrook,251 Centre St,Holbrook,MA
Stephen Anthonys Seafood & Steakhouse,999 Boston Post Rd E,Marlborough,MA
Wagamama,800 Boylston St Spc 117,Boston,MA
Brannellys Cafe,4432 Washington St,Roslindale,MA
Buff's Pub,317 Washington St,Newton,MA
KFC,625 American Legion Hwy,Roslindale,MA
Irish Cottage,17 Branch St,Methuen,MA
Rancatore Ice Cream,36 Leonard St,Belmont,MA
Bertucci's Brick Oven Pizza & Pasta,414 Washington St,Holliston,MA
Lacasias Bakery & Deli,326 Cambridge St Ste A,Burlington,MA
Evoo Restaurant,350 3rd St Ph 1,Cambridge,MA
Panera Bread,200 High St Lbby 1,Boston,MA
Daily Scoop,232 Main St Ste 3,Stoneham,MA
Wendy's,581 Rogers St,Lowell,MA
Wendy's,69 Newbury St,Peabody,MA
The Village Manor,427 Sprague St,Dedham,MA
Smokey Bones,301 Technology Center Dr,Stoughton,MA
Destinos,129 Prospect St,Gloucester,MA
Baileys Bar & Grille,18 Main St,Townsend,MA
Big Dog Sports Grille,178 Main St,North Reading,MA
Josephs Two,805 Main St,Waltham,MA
Dagostinos Delicatessen,11 Waterfield Rd,Winchester,MA
Raso's Bar and Grille,209 Mystic Ave,Medford,MA
La Morra,48 Boylston St,Brookline,MA
Fugakyu Japanese Cuisine,1280 Beacon St,Brookline,MA
Captain Dusty's Ice Cream,642 Hale St,Beverly,MA
Deluxe Town Diner,627 Mount Auburn St,Watertown,MA
Glorias Pizzeria,920 Main St,Winchester,MA
Patou Thai,69 Leonard St,Belmont,MA
Pleasant Cafe & Restaurant,4515 Washington St,Roslindale,MA
Roka ZC,801 Massachusetts Ave,Boston,MA
Five Guys,10 Cornerstone Sq,Westford,MA
Annas Harborside Grille,145 Water St,Plymouth,MA
Ogas Japanese Cuisine,915 Worcester St,Natick,MA
Zastigs Delicatessen,1298 Worcester St,Natick,MA
Panera Bread,92 Derby St,Hingham,MA
Back Deck,2 West St,Boston,MA
Echo Bridge Restaurant,1068 Chestnut St,Newton Upper Falls,MA
Seapoint Restaurant,367 E 8th St,South Boston,MA
Bristol Restaurant,200 Boylston St,Boston,MA
Taco Bell,48 Washington St,Norwell,MA
Champions Pub,114 Foster St,Peabody,MA
Plum Island Grille,2 Plum Island Blvd,Newbury,MA
Richardson's Ice Cream,156 S Main St,Middleton,MA
Flatbread Co,5 Market Sq,Amesbury,MA
Clear Flour Bread Inc,178 Thorndike St,Brookline,MA
Cafe Bella,19 Warren St,Randolph,MA
Middleboro House of Pizza,29 N Main St,Middleboro,MA
Fowler House Cafe,1049 Hancock St,Quincy,MA
Boston Burger Co,1100 Boylston St,Boston,MA
Aroma Tavern & Grill,739 State Rd,Plymouth,MA
Panera Bread,197 Boston Post Rd W Ste L,Marlborough,MA
Horseshoe Pub,29 South St,Hudson,MA
Damien's,279 Spring St,Hanson,MA
Ugly Mug Diner,122 Washington St,Salem,MA
Dunn Gaherins Food & Spirit,344 Elliot St,Newton Upper Falls,MA
Framingham Beer Works,345 Cochituate Rd,Framingham,MA
Richy S,1461 River St,Hyde Park,MA
Frank Pepes of Chesnut Hill,199 Boylston St,Chestnut Hill,MA
Strip By Strega,64 Arlington St,Boston,MA
Station Eight,1899 Ocean St,Marshfield,MA
Bistro,200 Technology Center Dr,Stoughton,MA
LE's Restaurant,36 Jfk St,Cambridge,MA
Wu ER By Wow Barbecue,320 Washington St,Brookline,MA
Casa Verde,711 Centre St,Jamaica Plain,MA
Crudo,78 Salem St,Boston,MA
Gracies Ice Cream,22 Union Sq,Somerville,MA
Panera Bread,90 Middlesex Tpke,Burlington,MA
Sauce Pizza & Wine,19 Essex St,Andover,MA
Cook Newton,825 Washington St,Newtonville,MA
Common Ground,319 Broadway,Arlington,MA
Cuisine En Locale,156 Highland Ave Ste 1,Somerville,MA
Farmhouse,970 Great Plain Ave,Needham,MA
il Casale cucina campana + Bar,1727 Massachusetts Ave,Lexington,MA
Thorntons Fenway Bar and Grill,100 Peterborough St,Boston,MA
Lucky Finn Cafe,206 Front St,Scituate,MA
Taco Bell,485 Boston Rd,Billerica,MA
Great American Grill,59 Andrews Pkwy,Devens,MA
Cove Habor Bar & Restaurant,124 Elm St,Cohasset,MA
Dorset Hall,367 Neponset Ave,Dorchester,MA
Biltmore Main,530 Main St,Reading,MA
Parsnip Restaurant & Lounge,91 Winthrop St,Cambridge,MA
110 Grill,116 Chelmsford St Unit 1,Chelmsford,MA
Three Squares,669 Highland Ave,Needham Heights,MA
Beauport Princess Cruiselines,6 Rowe Sq,Gloucester,MA
Stone Loven Pizza Co,8 Washington St,Canton,MA
Snappy Pattys,454 High St,Medford,MA
Chipotle Mexican Grill,199 Boston Rd,North Billerica,MA
Longboard Cafe and Bar,72 Wharf St,Salem,MA
Greens Grille Pub at WCC,1 Country Club Rd,Woburn,MA
Jack's Coal Fired Pizzas,2 Wall St,Burlington,MA
The Longfellow Bar,40 Brattle St Ste 3,Cambridge,MA
Peppers Grille,321 Great Rd,Bedford,MA
Station House Restaurant,20 Station Ave,Groton,MA
Papa Gino's,10 N Meadows Rd,Medfield,MA
Papa Gino's,179 Cambridge St,Burlington,MA
Papa Gino's,142 Nahatan St,Norwood,MA
Papa Gino's,29 Chelmsford St,Chelmsford,MA
IHOP,1378 Boston Providence Tpke,Norwood,MA
Chriscillas Restaurant,447 Broadway,Everett,MA
Santoros Sub Villa,259 Essex St,Saugus,MA
Honey Dew Donuts,2760 Washington St,Canton,MA
Honey Dew Donuts,191 Washington St,Hudson,MA
Papa Gino's,1018 Lexington St,Waltham,MA
KFC,465 Washington St,Dorchester Center,MA
KFC,282 Washington St,Hudson,MA
La Patisserie,30 Church St,Winchester,MA
Carmelas Italian Restaurant & Lounge,138 Main St,Kingston,MA
Poopsies,243 Church St Ste A,Pembroke,MA
Ole Mexican Grille,11 Springfield St,Cambridge,MA
McDonald's,3064 Washington St,Roxbury,MA
Burger King,77 Drum Hill Rd,Chelmsford,MA
Oharas,1185 Walnut St,Newton Highlands,MA
Marios Italian Restaurant,1733 Massachusetts Ave,Lexington,MA
Porcini's Restaurant,68 School St,Watertown,MA
Burger King,128 Tremont St,Boston,MA
Grumpy Whites Restaurant,211 Sea St,Quincy,MA
Boston Market,616 Fellsway Ste 1,Medford,MA
Wingstop,678 Fellsway,Medford,MA
The Stones Common House and Kitchen,380 Main St,Stoneham,MA
New York Fried Chicken,1198 Blue Hill Ave,Mattapan,MA
Cinnabon,601 Donald Lynch Blvd Ste 1139,Marlborough,MA
Starbucks,627 Tremont St Ste 3,Boston,MA
Papa Gino's,211 North St Ste 1,Foxboro,MA
Papa Gino's,8 Commercial St,Foxboro,MA
Legal Sea Foods,1 Harborside Dr,East Boston,MA
Lobster Pool,329 Granite St,Rockport,MA
IHOP,1850 Soldiers Field Rd,Brighton,MA
Medway Cafe,74 Main St Unit 13,Medway,MA
Great Wall Restaurant,309 Great Rd,Bedford,MA
Sofra Bakery & Cafe,1 Belmont St,Cambridge,MA
Mad Maggie's Ice Cream,1025 Osgood St,North Andover,MA
Farny Fannings,99 Broad St,Boston,MA
Hurricanes at the Gardens,150 Canal St,Boston,MA
Chang Sho,1712 Massachusetts Ave,Cambridge,MA
Stonebridge Cafe,1285 Belmont St Ste 9,Brockton,MA
75 Chestnut,11 Beacon St,Boston,MA
Wendy's,42 Furlong Dr,Revere,MA
Santarpio's Pizza,111 Chelsea St,East Boston,MA
Burger King,3012 Cranberry Hwy,East Wareham,MA
Dyna Wave Cable,135 Ward Hill Ave,Haverhill,MA
Tiki Island Restaurant,269 Middlesex Ave Ste 1,Medford,MA
Fuddruckers,54 W Dane St Ste Abc,Beverly,MA
Halibut Point Restaurant & Pub,289 Main St,Gloucester,MA
Ithaki Mediterranean Cuisine,25 Hammatt St,Ipswich,MA
KFC,180 Old Colony Ave Ste 2,Quincy,MA
Rebecca's Cafe Inc,56 High St,Boston,MA
Sun Tavern,500 Congress St,Duxbury,MA
Burger King,133 Macy St,Amesbury,MA
Burger King,822 Lexington St,Waltham,MA
Wendy's,355 Worcester St,Natick,MA
McDonald's,225 Pond St,Ashland,MA
Bamboo,55 Ariadne Rd,Dedham,MA
Basil,43 Frairy St,Medfield,MA
Square Cafe,150 North St,Hingham,MA
Taco Bell,1683 Revere Beach Pkwy,Everett,MA
The Butcher Shop,552 Tremont St,Boston,MA
Dairy Freeze,635 Adams St,Quincy,MA
Miracle of Science Bar & Grill,321 Massachusetts Ave,Cambridge,MA
Longwood Grill & Bar,342 Longwood Ave,Boston,MA
Mandee's Pizza,408 Essex St,Salem,MA
Montes Restaurant,141 Eastern Ave,Lynn,MA
Spruce Pond Creamery,370 King St,Franklin,MA
KFC,985 Belmont St,Brockton,MA
Narrow's Crossing Restaurant & Lounge,1 Narrows Rd,Wareham,MA
Sunnyside Cafe & Catering Co,24 Front St,Ashland,MA
Burger King,176 Waverley St,Framingham,MA
Boston Market,341 Cochituate Rd Ste 4,Framingham,MA
Burger King,885 Cummins Hwy,Mattapan,MA
Burger King,1333 Hingham St,Rockland,MA
Burger King,235 Church St,Pembroke,MA
Burger King,115 Broad St,Bridgewater,MA
Audubon Circle Restaurant Bar,838 Beacon St,Boston,MA
Burger King,280 Lowell St,Wilmington,MA
Palmers,18 Elm St,Andover,MA
Shabu Zen,80 Brighton Ave,Allston,MA
Starbucks,366 Broadway # B,Saugus,MA
Papa Gino's,190 Main St,Stoneham,MA
Starbucks,1 Worcester Rd Ste 26,Framingham,MA
Starbucks,185 Dartmouth St Ste Lobby2,Boston,MA
Starbucks,1662 Massachusetts Ave,Cambridge,MA
Domino's,53 Winn St,Burlington,MA
Starbucks,450 Paradise Rd,Swampscott,MA
ML Shaw Country Kitchen,14 Loon Hill Rd Ste A,Dracut,MA
Wendy's,436 Chelmsford St,Lowell,MA
Wendy's,2 Barnum Rd,Ayer,MA
Village Pancake House,26 Main St,Rowley,MA
Sweet Basil,942 Great Plain Ave,Needham,MA
Blarney Stone Bar Inc,1505 Dorchester Ave,Dorchester,MA
Anna's Taqueria,1 Porter Sq Ste 11,Cambridge,MA
Burger King,210 Brighton Ave,Allston,MA
Harrys Westgate Pub Grille Billiards,59 Westgate Dr,Brockton,MA
Regina Pizzeria,11 1/2 Thacher St,Boston,MA
Wendy's,377 Lynnway,Lynn,MA
KFC,6 Purchase St,Danvers,MA
KFC,149 Cochituate Rd,Framingham,MA
Felipes Taqueria,21 Brattle St,Cambridge,MA
Campaneles Restaurant,88 Pearl St,Braintree,MA
Tasca Spanish Tapas Restaurant & Bar,1612 Commonwealth Ave,Brighton,MA
Burger King,679 Concord Ave,Cambridge,MA
Au Bon Pain,1 International Pl Ste 140,Boston,MA
Pizza Hut,39 State St,Lynn,MA
Starbucks,985 Route 1,Walpole,MA
Domino's,100 Market St Ste 1,Rockland,MA
Pizza Hut,5a Everett St,Revere,MA
Currier and Chives,24 Main St,Maynard,MA
Olive Garden Italian Kitchen,11 Allstate Rd # B,Dorchester,MA
Chipotle Mexican Grill,176 Providence Hwy,Dedham,MA
Butterfields Restaurant,372 Market St,Rockland,MA
Samba Steak House & Sushi,1138 Worcester Rd,Framingham,MA
Punjab Palace,109 Brighton Ave,Allston,MA
Toscano Restaurant,41 Charles St,Boston,MA
Olive Garden Italian Kitchen,102 Colony Place Rd,Plymouth,MA
Wendy's,19 Plaistow Rd,Haverhill,MA
KFC,490 S Union St,Lawrence,MA
Dartmouth Cafe,180 Commonwealth Ave Apt 26,Boston,MA
Trattoria Di Monica,67 Prince St,Boston,MA
Tryst Restaurant,689 Massachusetts Ave,Arlington,MA
South Street Diner,178 Kneeland St,Boston,MA
Texas Roadhouse,31 Mystic View Rd,Everett,MA
A Perfect Taste,530 Washington St,Stoughton,MA
Wendy's,730 Plain St,Marshfield,MA
The Tap Brewing Company,100 Washington St,Haverhill,MA
Wings Over,519 Somerville Ave,Somerville,MA
Metro Cafe,332 Congress St Ste 1,Boston,MA
Toscanini's Ice Cream,159 1st St,Cambridge,MA
Wendy's,55 Hampshire St,Lawrence,MA
UNO Pizzeria & Grill,1 Brookline Ave,Boston,MA
JJ Grimsby & Company,301 W Wyoming Ave,Stoneham,MA
McDonald's,700 Atlantic Ave Lbby 6,Boston,MA
Masala Inc,1127 Broadway,Somerville,MA
JP Licks at Wellesley Center,63 Central St,Wellesley,MA
Lendys Inc,653 Broadway,Saugus,MA
Les Zygomates Wine Bar & Bistro,129 South St Ste 101,Boston,MA
Texas Roadhouse,424 Broadway,Methuen,MA
Darryls Corner Bar,604 Columbus Ave,Boston,MA
Bagel Boy Inc,485 S Union St,Lawrence,MA
Caribbean Rhythm,736 Blue Hill Ave,Dorchester,MA
KFC,720 Lynnway,Lynn,MA
Wendy's,71 Summer St Lbby,Boston,MA
BOKX 109 American Prime,399 Grove St,Newton Lower Falls,MA
Olive Garden Italian Kitchen,1 Worcester Rd Ste 28,Framingham,MA
Hungry Traveler Restaurant & Lounge,98 Beach Rd,Salisbury,MA
Connies Stagecoach,95 Elm St,Salisbury,MA
Skip's Snack Bar,92 E Main St,Merrimac,MA
Bellinos Trattoria,146 Lowell St,Wakefield,MA
Flying Saucer Pizza Co,118 Washington St,Salem,MA
Nfarra2,127 Maverick St,East Boston,MA
Jim's Corner Dishes,414 Suffolk St,Lowell,MA
Bonchon Chicken,1075 Westford St,Lowell,MA
Another Cup,1 Nassau St,Boston,MA
Walnut Grille,1203 Walnut St,Newton Highlands,MA
Pat A Pain,1462 Hancock St,Quincy,MA
Pailin Garden,6 Branch Pl,Lowell,MA
Markoh's On Main,43 Main St,Ayer,MA
Yangtze River Restaurant,584 King St,Littleton,MA
Casa Romero,30 Gloucester St,Boston,MA
Billy Tse Restaurant,240 Commercial St Lbby 1,Boston,MA
Silvertone Bar & Grill,69 Bromfield St,Boston,MA
Periwinkle Food Shoppe,540 Loring Ave,Salem,MA
Lido Cafe,112 Federal St Ste 1,Lynn,MA
Diesel Cafe,257 Elm St,Somerville,MA
Burger King,100 Cambridgeside Pl Spc W226,Cambridge,MA
Panera Bread,8 Allstate Rd # B,Dorchester,MA
Jade East Restaurant Inc,433 Main St,Tewksbury,MA
Pret A Manger,101 Arch St Ste 105,Boston,MA
Bears Den Pub and Pizza,39 Broad St,Bridgewater,MA
Nick's Place,195 Lowell St,Lawrence,MA
Dudley's,19 Merrimack St,Lowell,MA
Last Safe and Deposit,160 Merrimack St,Lowell,MA
Davids Tea,1245 Worcester St,Natick,MA
Bamboo Cafe,1285 Belmont St Ste 7,Brockton,MA
Unidine,529 Main St,Charlestown,MA
Sail Loft,1200 Boylston St,Chestnut Hill,MA
Cafe Luna,612 Main St,Cambridge,MA
Rice Garden,690 Washington St,Brookline,MA
Teado,8 Tyler St,Boston,MA
Hodgie's Ice Cream,71 Haverhill Rd,Amesbury,MA
Taste Boston,18 Logan Airport,East Boston,MA
Tastys Bagels Cold Treats & More,80 Taunton St,Plainville,MA
Jroc Cafe,800 Brockton Ave,Abington,MA
Frobies Cafe,101 Broadway Rd,Dracut,MA
Mamma Mia's,3 Village Grn N Ste 312,Plymouth,MA
Taco Truck,83 Mount Auburn St,Cambridge,MA
Cha Yen Thai Cookery,613 Mount Auburn St,Watertown,MA
Nh Beach Pizza Haverhill,181 Merrimack St,Haverhill,MA
Qrcc Inc,19 Berkeley Ct,Lawrence,MA
Rotisserie,651 Warren St,Dorchester,MA
Amelias Restaurant,217 Washington St,Stoughton,MA
Tasty Burger,145 Dartmouth St Ste 1,Boston,MA
Cafe 641,45 Main St Ste 202,Hudson,MA
B GOOD,55 Needham St,Newton Highlands,MA
New Style Asian Food,25 Boston St,Lynn,MA
Lisa's Family Pizzeria,283 Boston Ave,Medford,MA
Holi Indian Restaurant,20 North Rd Ste 1,Bedford,MA
Mdm Noodles,351 Washington St,Brighton,MA
Brelundi,185 Crescent St,Waltham,MA
Pizza Boy USA,55 American Legion Hwy,Revere,MA
Invi Restaurant,765 Morton St,Mattapan,MA
La Voile Brookline,1627 Beacon St,Brookline,MA
Range Restaurant Bar and Grill,306 Whiting St,Hingham,MA
Chili Thai Bistro,1799 Commonwealth Ave,Brighton,MA
Jin's Sichuan House,922 Main St Ste 3,Waltham,MA
Mu Lan Taiwanese Restaurant,835 Main St,Waltham,MA
PHO Bistro,255 Main St,Medford,MA
Zuma TexMex,7 N Market St,Boston,MA
The China,681 Hancock St,Quincy,MA
Banyan Bar & Refuge,553 Tremont St,Boston,MA
Off the Common,50 Park Plz,Boston,MA
Bastille Kitchen,49 Melcher St Ste 1,Boston,MA
Rocco's Cucina & Bar,450 Commercial St,Boston,MA
Ore A Love Story Restaurant,434 Pearl St,Stoughton,MA
Port City Sandwich Co,40r Merrimac St,Newburyport,MA
Sakura Organic,397 Main St,Wakefield,MA
Galeria Cafe,366 Merrimack St,Lowell,MA
Pizza 24,301 Adams St,Dorchester,MA
Taquera Jalisco,291 Bennington St,East Boston,MA
Taqueria Mexico,40 Concord St,Framingham,MA
La Famiglia Spagnuolo,240 Hanover St,Boston,MA
7 Chinese Restaurant,225 Grove St,West Roxbury,MA
Peaceful Meadows Ice Cream,60 Bedford St,Whitman,MA
Al's Tradecenter LLC,300 Tradecenter Ste 1460,Woburn,MA
Yard House,126 Brookline Ave Ste 201,Boston,MA
Lanxang Star,1734 Lakeview Ave,Dracut,MA
R F Osullivans,151 Central Ave,Lynn,MA
Sebastians,900 Chelmsford St,Lowell,MA
Shepard Restaurant & Bar,1 Shepard St,Cambridge,MA
Shake Shack,226 Legacy Pl,Dedham,MA
Tasty Momo,503 Medford St,Somerville,MA
Sweet Green,372 Congress St,Boston,MA
El Mariachi,207 Main St,Wareham,MA
Zeno's Roast Beef,40 Central St,Ipswich,MA
Moonshine 152,152 Dorchester Ave,South Boston,MA
Elveras Cafe,132 Main St,Brockton,MA
Adriana's Pastry & Cafe,19 Main St,Winthrop,MA
Hojoko,1271 Boylston St,Boston,MA
Chungs Kitchen,142 Littleton Rd Ste 11,Westford,MA
Flaming Grill & Buffet,31 Furlong Dr,Revere,MA
Gourmet Garden,45 Enon St,Beverly,MA
Cappys Clouds,535 Broadway,Revere,MA
Bancroft,15 3rd Ave,Burlington,MA
Vino Volo,1 Harborside Dr,East Boston,MA
Lucky Fast Food,60 Broadway,Malden,MA
China City Restaurant Inc,1158 Beacon St,Newton Highlands,MA
Kf Tea Davis Square,237 Elm St,Somerville,MA
Bobby Fish,312 Bowdoin St,Dorchester,MA
Brine,25 State St Frnt,Newburyport,MA
